{
  "scene.txt": {
    "small": {
      "1": 4.0577,
      "2": 2.04581,
      "4": 1.04163,
      "8": 0.587352
    },
    "medium": {
      "1": 62.0858,
      "2": 31.2474,
      "4": 16.0426,
      "8": 9.01282
    },
    "large": {
      "1": 492.661,
      "2": 248.431,
      "4": 127.249,
      "8": 71.3101
    }
  },
  "scene_many.txt": {
    "small": {
      "1": 6.02442,
      "2": 3.06004,
      "4": 1.58868,
      "8": 0.955574
    },
    "medium": {
      "1": 94.2094,
      "2": 47.491,
      "4": 24.2294,
      "8": 14.4008
    },
    "large": {
      "1": 741.528,
      "2": 378.393,
      "4": 194.917,
      "8": 115.389
    }
  }
}