{
  "scene.txt": {
    "small": {
      "1": 4.495105,
      "2": 2.623808,
      "4": 1.402678,
      "8": 0.832553
    },
    "medium": {
      "1": 72.378797,
      "2": 41.875373,
      "4": 21.647741,
      "8": 12.663789
    },
    "large": {
      "1": 571.653654,
      "2": 333.08182,
      "4": 173.8902,
      "8": 100.206479
    }
  },
  "scene_many.txt": {
    "small": {
      "1": 5.855186,
      "2": 3.374008,
      "4": 1.825942,
      "8": 1.058759
    },
    "medium": {
      "1": 93.820551,
      "2": 53.823974,
      "4": 29.13248,
      "8": 16.976686
    },
    "large": {
      "1": 902.681919,
      "2": 427.126597,
      "4": 230.233161,
      "8": 133.666645
    }
  }
}