{
  "scene.txt": {
    "small": {
      "1": 4.23942,
      "2": 2.81725,
      "4": 1.869,
      "8": 1.48065
    },
    "medium": {
      "1": 83.7691,
      "2": 58.347,
      "4": 39.2304,
      "8": 28.6003
    },
    "large": {
      "1": 630.186,
      "2": 442.76,
      "4": 301.418,
      "8": 230.088
    }
  },
  "scene_many.txt": {
    "small": {
      "1": 8.09718,
      "2": 5.85403,
      "4": 4.25649,
      "8": 3.10292
    },
    "medium": {
      "1": 125.397,
      "2": 90.5775,
      "4": 64.5283,
      "8": 52.0788
    },
    "large": {
      "1": 998.54,
      "2": 724.854,
      "4": 513.934,
      "8": 399.321
    }
  }
}