{
  "scene.txt": {
    "small": {
      "1": 3.645016,
      "2": 3.404954,
      "4": 2.278524,
      "8": 1.865638
    },
    "medium": {
      "1": 70.677802,
      "2": 52.821958,
      "4": 37.398862,
      "8": 32.23508
    },
    "large": {
      "1": 571.846123,
      "2": 422.588705,
      "4": 297.374475,
      "8": 246.056193
    }
  },
  "scene_many.txt": {
    "small": {
      "1": 7.021633,
      "2": 5.144636,
      "4": 3.665615,
      "8": 2.916907
    },
    "medium": {
      "1": 109.871239,
      "2": 80.883295,
      "4": 58.571943,
      "8": 47.579529
    },
    "large": {
      "1": 880.83507,
      "2": 649.565292,
      "4": 465.016957,
      "8": 379.925552
    }
  }
}